<?xml version="1.0" encoding="utf-8" ?>
<dwsync>
<file name="addressBook.txt" local="128998426770312500" remote="128998429180000000" testing="0" />
<file name="addressBookD.vcproj" local="128998426643437500" remote="128998429190000000" testing="0" />
<file name="addressBookD.vcproj.SYTCB312M4297.lliang.user" local="128998426729375000" remote="128998429190000000" testing="0" />
<file name="AddressEntry.cpp" local="128987413195312500" remote="128998429200000000" testing="0" />
<file name="AddressEntry.h" local="128987412357500000" remote="128998429210000000" testing="0" />
<file name="EntryList.cpp" local="128987408344218750" remote="128998429380000000" testing="0" />
<file name="EntryList.h" local="128987408345156250" remote="128998429390000000" testing="0" />
<file name="InputTools.cpp" local="128988086238281250" remote="128998429400000000" testing="0" />
<file name="InputTools.h" local="128987189444687500" remote="128998429400000000" testing="0" />
<file name="TestAddressBook.cpp" local="128987407207968750" remote="128998429410000000" testing="0" />
</dwsync>