<?xml version="1.0" encoding="utf-8" ?>
<dwsync>
<file name="addressBookD.exe.embed.manifest" local="128998426682500000" remote="128998429230000000" testing="0" />
<file name="addressBookD.exe.embed.manifest.res" local="128998426685000000" remote="128998429230000000" testing="0" />
<file name="addressBookD.exe.intermediate.manifest" local="128998426679843750" remote="128998429240000000" testing="0" />
<file name="AddressEntry.obj" local="128998426671406250" remote="128998429250000000" testing="0" />
<file name="BuildLog.htm" local="128998426687500000" remote="128998429260000000" testing="0" />
<file name="EntryList.obj" local="128998426671250000" remote="128998429270000000" testing="0" />
<file name="InputTools.obj" local="128998426670937500" remote="128998429280000000" testing="0" />
<file name="mt.dep" local="128998426684375000" remote="128998429290000000" testing="0" />
<file name="TestAddressBook.obj" local="128998426671718750" remote="128998429300000000" testing="0" />
<file name="vc90.idb" local="128998426671718750" remote="128998429310000000" testing="0" />
<file name="vc90.pdb" local="128998426669218750" remote="128998429340000000" testing="0" />
</dwsync>